{
    "0": {
        "m1": 2207082.4466930795,
        "m2": 17.69777040927584,
        "a": 0.988,
        "e_f": 0.174857593325,
        "Tpl": 0.402573447104951,
        "dt": 2.5,
        "redshift": 0.32498093930651806
    },
    "1": {
        "m1": 404054.1298009492,
        "m2": 12.134993554950244,
        "a": 0.9842,
        "e_f": 0.0195352734895,
        "Tpl": 0.9677632382762894,
        "dt": 2.5,
        "redshift": 0.09948297118706724
    },
    "2": {
        "m1": 1321341.954080317,
        "m2": 19.231591456243457,
        "a": 0.998,
        "e_f": 0.147591283965,
        "Tpl": 0.063964530210577,
        "dt": 2.5,
        "redshift": 0.38088543499271005
    },
    "3": {
        "m1": 356954.7745717322,
        "m2": 16.76151211865622,
        "a": 0.9784,
        "e_f": 0.0843879228096,
        "Tpl": 0.2819780430301727,
        "dt": 2.5,
        "redshift": 0.2897439301235506
    },
    "4": {
        "m1": 2211594.526127439,
        "m2": 23.850940355230343,
        "a": 0.9891,
        "e_f": 0.188175545848,
        "Tpl": 0.19288760045258646,
        "dt": 2.5,
        "redshift": 0.537183575103674
    },
    "5": {
        "m1": 2158772.170998456,
        "m2": 22.652013453102068,
        "a": 0.9712,
        "e_f": 0.0958821169683,
        "Tpl": 1.2724859757214828,
        "dt": 2.5,
        "redshift": 0.4981490376627323
    },
    "6": {
        "m1": 883095.2415963482,
        "m2": 17.660685009209228,
        "a": 0.9908,
        "e_f": 0.093940967915,
        "Tpl": 0.39900680458062576,
        "dt": 2.5,
        "redshift": 0.3235917714420004
    },
    "7": {
        "m1": 618700.3673917174,
        "m2": 16.318505189074454,
        "a": 0.9692,
        "e_f": 0.0187590515806,
        "Tpl": 1.6792860842819852,
        "dt": 2.5,
        "redshift": 0.2726957718256081
    },
    "8": {
        "m1": 2385240.2197940825,
        "m2": 24.256722719990794,
        "a": 0.9808,
        "e_f": 0.12007400184,
        "Tpl": 1.5815171750186567,
        "dt": 2.5,
        "redshift": 0.5501484353346979
    },
    "9": {
        "m1": 1163078.7845520107,
        "m2": 16.912551572727175,
        "a": 0.9805,
        "e_f": 0.16535557029,
        "Tpl": 0.22037188245364117,
        "dt": 2.5,
        "redshift": 0.29548460896233864
    },
    "10": {
        "m1": 1502812.8050438187,
        "m2": 21.458773062869426,
        "a": 0.9882,
        "e_f": 0.085329748974,
        "Tpl": 1.317030604999808,
        "dt": 2.5,
        "redshift": 0.4582924267272861
    },
    "11": {
        "m1": 201591.1604041271,
        "m2": 14.274847744550009,
        "a": 0.9935,
        "e_f": 0.0274898778244,
        "Tpl": 1.5202481756544781,
        "dt": 2.5,
        "redshift": 0.19115885698949178
    }
}