{
    "0": {
        "m1": 50000.0,
        "m2": 50.0,
        "a": 0.99,
        "e_0": 0.0,
        "e_f": 0.0,
        "Tpl": 0.25,
        "dt": 0.6
    },
    "1": {
        "m1": 50000.0,
        "m2": 50.0,
        "a": 0.99,
        "e_0": 0.3,
        "e_f": 0.004013577719545915,
        "Tpl": 0.25,
        "dt": 0.6
    },
    "2": {
        "m1": 50000.0,
        "m2": 50.0,
        "a": -0.99,
        "e_0": 0.0,
        "e_f": 0.0,
        "Tpl": 0.25,
        "dt": 0.6
    },
    "3": {
        "m1": 50000.0,
        "m2": 50.0,
        "a": -0.99,
        "e_0": 0.3,
        "e_f": 0.060409509477846866,
        "Tpl": 0.25,
        "dt": 0.6
    },
    "4": {
        "m1": 100000.0,
        "m2": 100.0,
        "a": 0.99,
        "e_0": 0.0,
        "e_f": 0.0,
        "Tpl": 0.25,
        "dt": 0.6
    },
    "5": {
        "m1": 100000.0,
        "m2": 100.0,
        "a": 0.99,
        "e_0": 0.3,
        "e_f": 0.005145611594286335,
        "Tpl": 0.25,
        "dt": 0.6
    },
    "6": {
        "m1": 100000.0,
        "m2": 100.0,
        "a": -0.99,
        "e_0": 0.0,
        "e_f": 0.0,
        "Tpl": 0.25,
        "dt": 0.6
    },
    "7": {
        "m1": 100000.0,
        "m2": 100.0,
        "a": -0.99,
        "e_0": 0.3,
        "e_f": 0.07478906089228275,
        "Tpl": 0.25,
        "dt": 0.6
    },
    "8": {
        "m1": 1000000.0,
        "m2": 1000.0,
        "a": 0.99,
        "e_0": 0.0,
        "e_f": 0.0,
        "Tpl": 0.25,
        "dt": 10.0
    },
    "9": {
        "m1": 1000000.0,
        "m2": 1000.0,
        "a": 0.99,
        "e_0": 0.3,
        "e_f": 0.01165620060544176,
        "Tpl": 0.25,
        "dt": 10.0
    },
    "10": {
        "m1": 1000000.0,
        "m2": 1000.0,
        "a": -0.99,
        "e_0": 0.0,
        "e_f": 0.0,
        "Tpl": 0.25,
        "dt": 10.0
    },
    "11": {
        "m1": 1000000.0,
        "m2": 1000.0,
        "a": -0.99,
        "e_0": 0.3,
        "e_f": 0.14561852273310655,
        "Tpl": 0.25,
        "dt": 10.0
    },
    "12": {
        "m1": 10000000.0,
        "m2": 10000.0,
        "a": 0.99,
        "e_0": 0.0,
        "e_f": 0.0,
        "Tpl": 0.25,
        "dt": 100.0
    },
    "13": {
        "m1": 10000000.0,
        "m2": 10000.0,
        "a": 0.99,
        "e_0": 0.3,
        "e_f": 0.026830030109291685,
        "Tpl": 0.25,
        "dt": 100.0
    },
    "14": {
        "m1": 10000000.0,
        "m2": 10000.0,
        "a": -0.99,
        "e_0": 0.0,
        "e_f": 0.0,
        "Tpl": 0.25,
        "dt": 100.0
    },
    "15": {
        "m1": 10000000.0,
        "m2": 10000.0,
        "a": -0.99,
        "e_0": 0.3,
        "e_f": 0.24108787752020447,
        "Tpl": 0.25,
        "dt": 100.0
    },
    "16": {
        "m1": 50000.0,
        "m2": 5.0,
        "a": 0.99,
        "e_0": 0.0,
        "e_f": 0.0,
        "Tpl": 0.25,
        "dt": 0.6
    },
    "17": {
        "m1": 50000.0,
        "m2": 5.0,
        "a": 0.99,
        "e_0": 0.3,
        "e_f": 0.00910671326639507,
        "Tpl": 0.25,
        "dt": 0.6
    },
    "18": {
        "m1": 50000.0,
        "m2": 5.0,
        "a": -0.99,
        "e_0": 0.0,
        "e_f": 0.0,
        "Tpl": 0.25,
        "dt": 0.6
    },
    "19": {
        "m1": 50000.0,
        "m2": 5.0,
        "a": -0.99,
        "e_0": 0.3,
        "e_f": 0.12028757617253852,
        "Tpl": 0.25,
        "dt": 0.6
    },
    "20": {
        "m1": 100000.0,
        "m2": 10.0,
        "a": 0.99,
        "e_0": 0.0,
        "e_f": 0.0,
        "Tpl": 0.25,
        "dt": 0.6
    },
    "21": {
        "m1": 100000.0,
        "m2": 10.0,
        "a": 0.99,
        "e_0": 0.3,
        "e_f": 0.011645030442985545,
        "Tpl": 0.25,
        "dt": 0.6
    },
    "22": {
        "m1": 100000.0,
        "m2": 10.0,
        "a": -0.99,
        "e_0": 0.0,
        "e_f": 0.0,
        "Tpl": 0.25,
        "dt": 0.6
    },
    "23": {
        "m1": 100000.0,
        "m2": 10.0,
        "a": -0.99,
        "e_0": 0.3,
        "e_f": 0.1455142124316478,
        "Tpl": 0.25,
        "dt": 0.6
    },
    "24": {
        "m1": 1000000.0,
        "m2": 100.0,
        "a": 0.99,
        "e_0": 0.0,
        "e_f": 0.0,
        "Tpl": 0.25,
        "dt": 10.0
    },
    "25": {
        "m1": 1000000.0,
        "m2": 100.0,
        "a": 0.99,
        "e_0": 0.3,
        "e_f": 0.02680298816278007,
        "Tpl": 0.25,
        "dt": 10.0
    },
    "26": {
        "m1": 1000000.0,
        "m2": 100.0,
        "a": -0.99,
        "e_0": 0.0,
        "e_f": 0.0,
        "Tpl": 0.25,
        "dt": 10.0
    },
    "27": {
        "m1": 1000000.0,
        "m2": 100.0,
        "a": -0.99,
        "e_0": 0.3,
        "e_f": 0.2409834715014897,
        "Tpl": 0.25,
        "dt": 10.0
    },
    "28": {
        "m1": 10000000.0,
        "m2": 1000.0,
        "a": 0.99,
        "e_0": 0.0,
        "e_f": 0.0,
        "Tpl": 0.25,
        "dt": 100.0
    },
    "29": {
        "m1": 10000000.0,
        "m2": 1000.0,
        "a": 0.99,
        "e_0": 0.3,
        "e_f": 0.0672110904663063,
        "Tpl": 0.25,
        "dt": 100.0
    },
    "30": {
        "m1": 10000000.0,
        "m2": 1000.0,
        "a": -0.99,
        "e_0": 0.0,
        "e_f": 0.0,
        "Tpl": 0.25,
        "dt": 100.0
    },
    "31": {
        "m1": 10000000.0,
        "m2": 1000.0,
        "a": -0.99,
        "e_0": 0.3,
        "e_f": 0.3001307953556075,
        "Tpl": 0.25,
        "dt": 100.0
    },
    "32": {
        "m1": 1000000.0,
        "m2": 100.0,
        "a": 0.99,
        "e_0": 0.0,
        "e_f": 0.0,
        "Tpl": 1.5,
        "dt": 10.0
    },
    "33": {
        "m1": 1000000.0,
        "m2": 100.0,
        "a": 0.99,
        "e_0": 0.3,
        "e_f": 0.013968092858832463,
        "Tpl": 1.5,
        "dt": 10.0
    },
    "34": {
        "m1": 1000000.0,
        "m2": 100.0,
        "a": -0.99,
        "e_0": 0.0,
        "e_f": 0.0,
        "Tpl": 1.5,
        "dt": 10.0
    },
    "35": {
        "m1": 1000000.0,
        "m2": 100.0,
        "a": -0.99,
        "e_0": 0.3,
        "e_f": 0.16596650127422505,
        "Tpl": 1.5,
        "dt": 10.0
    },
    "36": {
        "m1": 10000000.0,
        "m2": 1000.0,
        "a": 0.99,
        "e_0": 0.0,
        "e_f": 0.0,
        "Tpl": 1.5,
        "dt": 100.0
    },
    "37": {
        "m1": 10000000.0,
        "m2": 1000.0,
        "a": 0.99,
        "e_0": 0.3,
        "e_f": 0.0325106114328591,
        "Tpl": 1.5,
        "dt": 100.0
    },
    "38": {
        "m1": 10000000.0,
        "m2": 1000.0,
        "a": -0.99,
        "e_0": 0.0,
        "e_f": 0.0,
        "Tpl": 1.5,
        "dt": 100.0
    },
    "39": {
        "m1": 10000000.0,
        "m2": 1000.0,
        "a": -0.99,
        "e_0": 0.3,
        "e_f": 0.25956093181652384,
        "Tpl": 1.5,
        "dt": 100.0
    },
    "40": {
        "m1": 1000000.0,
        "m2": 100.0,
        "a": 0.99,
        "e_0": 0.0,
        "e_f": 0.0,
        "Tpl": 4.5,
        "dt": 10.0
    },
    "41": {
        "m1": 1000000.0,
        "m2": 100.0,
        "a": 0.99,
        "e_0": 0.3,
        "e_f": 0.009453188420456223,
        "Tpl": 4.5,
        "dt": 10.0
    },
    "42": {
        "m1": 1000000.0,
        "m2": 100.0,
        "a": -0.99,
        "e_0": 0.0,
        "e_f": 0.0,
        "Tpl": 4.5,
        "dt": 10.0
    },
    "43": {
        "m1": 1000000.0,
        "m2": 100.0,
        "a": -0.99,
        "e_0": 0.3,
        "e_f": 0.12391131867201874,
        "Tpl": 4.5,
        "dt": 10.0
    },
    "44": {
        "m1": 10000000.0,
        "m2": 1000.0,
        "a": 0.99,
        "e_0": 0.0,
        "e_f": 0.0,
        "Tpl": 4.5,
        "dt": 100.0
    },
    "45": {
        "m1": 10000000.0,
        "m2": 1000.0,
        "a": 0.99,
        "e_0": 0.3,
        "e_f": 0.02156880756107336,
        "Tpl": 4.5,
        "dt": 100.0
    },
    "46": {
        "m1": 10000000.0,
        "m2": 1000.0,
        "a": -0.99,